Date,provincename,Construction,Transportation and warehousing,Agriculture ,Population,Station Name,Max Temp (°C),Total Snow (cm),Total Precip (mm),Min Temp (°C),Mean Temp (°C),Heat Deg Days (°C),Cool Deg Days (°C),Longitude (x),Latitude (y)
2013-01-01,Prince Edward Island,57.55073438,32.61372604,15.6717476,36094,Charlottetown,-4.1,1.2666666666666666,0.4,-13.2,-8.7,26.7,0,-63.12,46.29
2013-02-01,Prince Edward Island,57.53664232,29.37829019,17.93085297,36094,Charlottetown,-8.4,1.0857142857142856,0,-20.5,-14.5,32.5,0,-63.12,46.29
2013-03-01,Prince Edward Island,64.04221519,28.44504712,18.70011417,36094,Charlottetown,-0.6,0.95,3.2,-3,-1.8,19.8,0,-63.12,46.29
2013-04-01,Prince Edward Island,71.88032768,26.9408555,16.95007105,36094,Charlottetown,5,1.1111111111111112,1,-2.3,1.4,16.6,0,-63.12,46.29
2013-05-01,Prince Edward Island,63.23015651,28.74591064,13.95059633,36094,Charlottetown,15.3,1,0,1.1,8.2,9.8,0,-63.12,46.29
2013-06-01,Prince Edward Island,57.63355054,32.81196589,14.41521286,36094,Charlottetown,18.8,2.327272727272728,3,7.3,13.1,4.9,0,-63.12,46.29
2013-07-01,Prince Edward Island,57.17309623,32.54146993,11.4988545,36094,Charlottetown,24.5,2.763636363636364,0,15,19.8,0,1.8,-63.12,46.29
2013-08-01,Prince Edward Island,58.23753965,35.2052557,11.73406403,36094,Charlottetown,26.8,2.763636363636364,0,16.2,21.5,0,3.5,-63.12,46.29
2013-09-01,Prince Edward Island,58.36919433,34.7707109,12.55064783,36094,Charlottetown,21.7,2.4727272727272727,2.4,16.1,18.9,0,0.9,-63.12,46.29
2013-10-01,Prince Edward Island,55.23754403,33.61181456,13.14552118,36094,Charlottetown,21.2,2.436363636363636,0,8.9,15.1,2.9,0,-63.12,46.29
2013-11-01,Prince Edward Island,58.13246714,39.41959151,12.31184913,36094,Charlottetown,18.5,4.363636363636363,15.6,10.2,14.4,3.6,0,-63.12,46.29
2013-12-01,Prince Edward Island,53.80287317,33.17309319,15.94755864,36094,Charlottetown,1.2,5.727272727272728,5.2,-6,-2.4,20.4,0,-63.12,46.29
2014-01-01,Prince Edward Island,44.87635137,30.31146576,17.51077545,36094,Charlottetown,-14.8,5.727272727272728,0,-20.3,-17.6,35.6,0,-63.12,46.29
2014-02-01,Prince Edward Island,55.48662017,31.13455662,17.79982023,36094,Charlottetown,-1.3,5.727272727272728,0,-8,-4.7,22.7,0,-63.12,46.29
2014-03-01,Prince Edward Island,50.28198267,29.86420912,14.98242199,36094,Charlottetown,-4,5.509090909090909,0.6,-16.7,-10.4,28.4,0,-63.12,46.29
2014-04-01,Prince Edward Island,51.43927183,36.65372184,14.93986914,36094,Charlottetown,-2.4,5.672727272727273,21.2,-3.5,-3,21,0,-63.12,46.29
2014-05-01,Prince Edward Island,49.16813787,35.27969887,14.37921914,36094,Charlottetown,9.5,4.254545454545454,18,-0.7,4.4,13.6,0,-63.12,46.29
2014-06-01,Prince Edward Island,44.76167662,36.07607953,15.12254007,36094,Charlottetown,19,4.745454545454546,0,3.5,11.3,6.7,0,-63.12,46.29
2014-07-01,Prince Edward Island,45.43409856,34.47838004,13.66358497,36094,Charlottetown,28.3,4.745454545454546,0,17.1,22.7,0,4.7,-63.12,46.29
2014-08-01,Prince Edward Island,47.98182811,35.46227617,12.85071402,36094,Charlottetown,25.9,4.763636363636364,0,15.6,20.8,0,2.8,-63.12,46.29
2014-09-01,Prince Edward Island,48.37241939,30.08523686,13.59781547,36094,Charlottetown,21,4.9818181818181815,1.8,15.4,18.2,0,0.2,-63.12,46.29
2014-10-01,Prince Edward Island,50.58109978,37.1621736,13.40704619,36094,Charlottetown,12.6,3.090909090909091,0,4.8,8.7,9.3,0,-63.12,46.29
2014-11-01,Prince Edward Island,49.54922226,36.22925604,15.15574248,36094,Charlottetown,6.7,1.4545454545454546,10.6,2.3,4.5,13.5,0,-63.12,46.29
2014-12-01,Prince Edward Island,46.5289331,37.72740387,11.01539002,36094,Charlottetown,11.8,1.4545454545454546,0,-1.9,5,13,0,-63.12,46.29
2015-01-01,Prince Edward Island,50.94949399,38.77013208,13.53783238,36094,Charlottetown,-3.5,1.4545454545454546,0.2,-15,-9.3,27.3,0,-63.12,46.29
2015-02-01,Prince Edward Island,50.98324807,42.05892064,9.75938617,36094,Charlottetown,-5,1.4545454545454546,3,-20,-12.5,30.5,0,-63.12,46.29
2015-03-01,Prince Edward Island,42.45591699,42.95410015,11.46591033,36094,Charlottetown,-4.6,1.2909090909090908,0.4,-13.6,-9.1,27.1,0,-63.12,46.29
2015-04-01,Prince Edward Island,51.55115256,44.21121702,11.04076814,36094,Charlottetown,-0.8,1.2909090909090908,0,-7,-3.9,21.9,0,-63.12,46.29
2015-05-01,Prince Edward Island,45.58057701,35.41920717,14.0714978,36094,Charlottetown,5.8,2.2181818181818183,0,-1.1,2.4,15.6,0,-63.12,46.29
2015-06-01,Prince Edward Island,47.30027772,34.14890533,15.84122174,36094,Charlottetown,12.1,2.727272727272727,0,3.6,7.9,10.1,0,-63.12,46.29
2015-07-01,Prince Edward Island,45.72496575,29.73471805,15.95057715,36094,Charlottetown,25,2.709090909090909,0,14,19.5,0,1.5,-63.12,46.29
2015-08-01,Prince Edward Island,47.03717852,29.71120561,16.29112029,36094,Charlottetown,27.2,2.472727272727273,0,16.3,21.8,0,3.8,-63.12,46.29
2015-09-01,Prince Edward Island,50.63570987,31.02229984,17.75717498,36094,Charlottetown,16.3,2.4363636363636365,0,7.5,11.9,6.1,0,-63.12,46.29
2015-10-01,Prince Edward Island,49.85059048,32.40124258,16.12042483,36094,Charlottetown,20.4,2.4545454545454546,20.8,8.7,14.6,3.4,0,-63.12,46.29
2015-11-01,Prince Edward Island,42.03098282,31.20018423,18.45836161,36094,Charlottetown,10.4,2.709090909090909,5.6,1.8,6.1,11.9,0,-63.12,46.29
2015-12-01,Prince Edward Island,45.49386511,37.64421356,17.21526994,36094,Charlottetown,1,2.709090909090909,0,-6.1,-2.6,20.6,0,-63.12,46.29
2016-01-01,Prince Edward Island,53.2592157,43.7122937,12.843744,36094,Charlottetown,-0.2,2.7454545454545456,0.4,-6,-3.1,21.1,0,-63.12,46.29
2016-02-01,Prince Edward Island,58.98889293,43.26073855,14.10098718,36094,Charlottetown,8,2.7454545454545456,0,0.3,4.2,13.8,0,-63.12,46.29
2016-03-01,Prince Edward Island,49.58452356,39.80243724,15.35141849,36094,Charlottetown,4.9,2.7454545454545456,0.2,-8.3,-1.7,19.7,0,-63.12,46.29
2016-04-01,Prince Edward Island,47.0132411,37.23190125,13.01442677,36094,Charlottetown,13.4,2.4545454545454546,2.8,6.4,9.9,8.1,0,-63.12,46.29
2016-05-01,Prince Edward Island,57.17051016,32.18936277,16.21067651,36094,Charlottetown,13.2,1.945454545454545,0,-4.5,4.4,13.6,0,-63.12,46.29
2016-06-01,Prince Edward Island,51.74349802,35.60556646,15.48615061,36094,Charlottetown,9.8,2.018181818181818,0.4,-0.1,4.9,13.1,0,-63.12,46.29
2016-07-01,Prince Edward Island,49.03030439,35.58722361,17.01400342,36094,Charlottetown,27.9,3.872727272727273,0,15.2,21.6,0,3.6,-63.12,46.29
2016-08-01,Prince Edward Island,49.81110492,35.71952989,15.17075516,36094,Charlottetown,24.9,4.527272727272727,0,10.2,17.6,0.4,0,-63.12,46.29
2016-09-01,Prince Edward Island,51.06924202,34.49379434,16.85903242,36094,Charlottetown,22,4.563636363636364,17.6,16.4,19.2,0,1.2,-63.12,46.29
2016-10-01,Prince Edward Island,53.95368769,34.49981258,16.55247167,36094,Charlottetown,18.9,4.472727272727273,0,6.8,12.9,5.1,0,-63.12,46.29
2016-11-01,Prince Edward Island,57.33171678,34.251949,12.90935181,36094,Charlottetown,7.5,4.472727272727273,0.8,5.6,6.6,11.4,0,-63.12,46.29
2016-12-01,Prince Edward Island,54.24061075,42.18648994,14.35755531,36094,Charlottetown,4.2,4.800000000000001,20.8,-0.3,2,16,0,-63.12,46.29
2017-01-01,Prince Edward Island,64.43471371,39.56342512,15.3199247,36094,Charlottetown,3,4.800000000000001,7.2,-7.3,-2.2,20.2,0,-63.12,46.29
2017-02-01,Prince Edward Island,55.84865272,38.82809415,13.92917106,36094,Charlottetown,-3,4.890909090909092,0.6,-15.6,-9.3,27.3,0,-63.12,46.29
2017-03-01,Prince Edward Island,64.03117742,46.06065836,13.91480997,36094,Charlottetown,8.1,3.363636363636364,1.8,-2.8,2.7,15.3,0,-63.12,46.29
2017-04-01,Prince Edward Island,51.87930118,48.70064852,13.58027706,36094,Charlottetown,2.1,3.463636363636364,0,-5.1,-1.5,19.5,0,-63.12,46.29
2017-05-01,Prince Edward Island,61.37088186,40.68248684,16.59189229,36094,Charlottetown,9.2,3.390909090909091,4,0.1,4.7,13.3,0,-63.12,46.29
2017-06-01,Prince Edward Island,61.08611157,42.17997529,17.84733809,36094,Charlottetown,18.4,1.5,0,10.4,14.4,3.6,0,-63.12,46.29
2017-07-01,Prince Edward Island,60.19834878,43.21205605,14.48347458,36094,Charlottetown,19.5,1.3545454545454545,1,13.6,16.6,1.4,0,-63.12,46.29
2017-08-01,Prince Edward Island,64.82989991,36.45710406,15.15738007,36094,Charlottetown,24.3,1.2999999999999998,0.8,10.4,17.4,0.6,0,-63.12,46.29
2017-09-01,Prince Edward Island,68.28316709,35.27903456,16.75834395,36094,Charlottetown,15.5,1.4272727272727272,1.1,8.7,12.1,5.9,0,-63.12,46.29
2017-10-01,Prince Edward Island,68.88099859,33.64589199,16.32030789,36094,Charlottetown,16.1,1.4454545454545455,0,4.7,10.4,7.6,0,-63.12,46.29
2017-11-01,Prince Edward Island,74.5254046,36.42988864,18.45990677,36094,Charlottetown,10,1.2454545454545454,0,-1.6,4.2,13.8,0,-63.12,46.29
2017-12-01,Prince Edward Island,76.35909814,35.23445629,18.77295815,36094,Charlottetown,6.3,1.2454545454545454,5.6,0.4,3.4,14.6,0,-63.12,46.29
2018-01-01,Prince Edward Island,72.23810444,35.16392148,16.17401047,36094,Charlottetown,-12.3,1.1545454545454543,0,-15.5,-13.9,31.9,0,-63.12,46.29
2018-02-01,Prince Edward Island,69.44927259,30.65547293,17.16637094,36094,Charlottetown,2.4,1.0818181818181818,3.2,-9.2,-3.4,21.4,0,-63.12,46.29
2018-03-01,Prince Edward Island,67.92066026,29.90852823,14.86071661,36094,Charlottetown,1.1,0.981818182,0.2,-7.5,-3.2,21.2,0,-63.12,46.29
2018-04-01,Prince Edward Island,68.11162765,36.94883604,14.2055606,36094,Charlottetown,6.3,0.981818182,1.8,-0.6,2.9,15.1,0,-63.12,46.29
2018-05-01,Prince Edward Island,68.82299433,40.68462282,16.95929546,36094,Charlottetown,11.9,1.0454545454545454,0,5.8,8.9,9.1,0,-63.12,46.29
2018-06-01,Prince Edward Island,64.34160802,41.28975789,16.77050618,36094,Charlottetown,28.6,0.5363636363636364,0,11.7,20.2,0,2.2,-63.12,46.29
2018-07-01,Prince Edward Island,61.03056819,38.13739183,15.15789144,36094,Charlottetown,20.4,0.5545454545454546,0,11.3,15.9,2.1,0,-63.12,46.29
2018-08-01,Prince Edward Island,63.66227929,39.89723043,15.63667858,36094,Charlottetown,29.9,1.4636363636363638,0,17.6,23.8,0,5.8,-63.12,46.29
2018-09-01,Prince Edward Island,63.48738999,44.9899116,14.97493612,36094,Charlottetown,21.8,1.4454545454545455,0,6.9,14.4,3.6,0,-63.12,46.29
2018-10-01,Prince Edward Island,60.90466485,36.10924328,15.45711974,36094,Charlottetown,13.8,1.2818181818181815,0.7,2.3,8.1,9.9,0,-63.12,46.29
2018-11-01,Prince Edward Island,66.75374244,45.8031454,18.86583758,36094,Charlottetown,8.3,2.363636363636364,0,4.6,6.5,11.5,0,-63.12,46.29
2018-12-01,Prince Edward Island,63.20516418,44.00994267,13.75587847,36094,Charlottetown,5.8,2.363636363636364,0.2,-0.2,2.8,15.2,0,-63.12,46.29
2019-01-01,Prince Edward Island,68.04463651,43.18706025,14.52371261,36094,Charlottetown,-1,2.363636363636364,13.2,-7.8,-4.4,22.4,0,-63.12,46.29
2019-02-01,Prince Edward Island,72.006275,44.39275861,14.79362103,36094,Charlottetown,-11.4,2.963636363636364,0,-16.4,-13.9,31.9,0,-63.12,46.29
2019-03-01,Prince Edward Island,79.97629256,44.58718451,14.92807043,36094,Charlottetown,-1.8,2.963636363636364,0,-12.3,-7.1,25.1,0,-63.12,46.29
2019-04-01,Prince Edward Island,77.68833487,46.49518134,18.93575806,36094,Charlottetown,8.8,2.9,11.9,-2.5,3.2,14.8,0,-63.12,46.29
2019-05-01,Prince Edward Island,69.17764879,34.32459377,19.55288382,36094,Charlottetown,8.5,3.145454545454545,0,-2.7,2.9,15.1,0,-63.12,46.29
2019-06-01,Prince Edward Island,71.02654797,38.28428827,20.49651975,36094,Charlottetown,20.1,3.309090909090909,0,5,12.6,5.4,0,-63.12,46.29
2019-07-01,Prince Edward Island,65.95944079,40.12091952,18.21660874,36094,Charlottetown,14.1,2.1090909090909093,6.6,11.5,12.8,5.2,0,-63.12,46.29
2019-08-01,Prince Edward Island,71.44653449,42.38163805,20.57066168,36094,Charlottetown,25.2,2.1090909090909093,0,14.8,20,0,2,-63.12,46.29
2019-09-01,Prince Edward Island,69.29238801,41.47065474,17.41377038,36094,Charlottetown,19.6,2.1090909090909093,0,10.2,14.9,3.1,0,-63.12,46.29
2019-10-01,Prince Edward Island,76.85171331,37.99793784,16.60839171,36094,Charlottetown,11.9,2.5454545454545454,2.7,7.2,9.6,8.4,0,-63.12,46.29
2019-11-01,Prince Edward Island,73.91150534,39.69157348,15.76248612,36094,Charlottetown,19.3,2.5818181818181816,2,5.3,12.3,5.7,0,-63.12,46.29
2019-12-01,Prince Edward Island,82.84551181,41.82196457,17.43576547,36094,Charlottetown,-1.6,2.9,0,-7.8,-4.7,22.7,0,-63.12,46.29
2020-01-01,Prince Edward Island,89.84810665,43.03700783,20.04669912,36094,Charlottetown,3,2.517676767676768,0,-2.6,0.2,17.8,0,-63.12,46.29
2020-02-01,Prince Edward Island,82.34611766,44.37212901,18.07140494,36094,Charlottetown,-1.6,2.7848484848484847,0,-13.4,-7.5,25.5,0,-63.12,46.29
2020-03-01,Prince Edward Island,78.49400832,42.8027186,18.30158416,36094,Charlottetown,-0.1,2.83030303,16.7,-4.5,-2.3,20.3,0,-63.12,46.29
2020-04-01,Prince Edward Island,77.56821102,36.04587794,15.84912532,36094,Charlottetown,4.2,2.5848484848484845,0.4,-1,1.6,16.4,0,-63.12,46.29
2020-05-01,Prince Edward Island,85.20152365,33.48825237,17.6733372,36094,Charlottetown,15.7,2.403030303030303,3.5,2.2,9,9,0,-63.12,46.29
2020-06-01,Prince Edward Island,86.18675675,36.77211729,17.72905065,36094,Charlottetown,11.9,2.639393939393939,2.394444444444444,4.1,8,10,0,-63.12,46.29
2020-07-01,Prince Edward Island,78.64683699,36.22423983,16.14189371,36094,Charlottetown,24.1,2.939393939393939,2.9388888888888887,17.2,20.7,0,2.7,-63.12,46.29
2020-08-01,Prince Edward Island,78.67408717,38.12423141,18.80222027,36094,Charlottetown,21.8,2.939393939393939,0.5,12.7,17.3,0.7,0,-63.12,46.29
2020-09-01,Prince Edward Island,74.9598114,43.2172202,15.37944755,36094,Charlottetown,20.6,1.4212121212121211,0,4.5,12.6,5.4,0,-63.12,46.29
2020-10-01,Prince Edward Island,75.25980706,41.15257819,15.73481877,36094,Charlottetown,21.1,2.4212121212121214,0,13,17.1,0.9,0,-63.12,46.29
2020-11-01,Prince Edward Island,78.12777214,38.2960233,13.9399396,36094,Charlottetown,12.2,2.993939393939394,2.6,-4.4,3.9,14.1,0,-63.12,46.29
2020-12-01,Prince Edward Island,76.63833943,40.81473337,14.31695491,36094,Charlottetown,14,3.0580808080808084,3.3,8.7,11.4,6.6,0,-63.12,46.29
2021-01-01,Prince Edward Island,107.6599758,40.28904396,17.40936721,36094,Charlottetown,-2,2.790909090909091,0,-7.4,-4.7,22.7,0,-63.12,46.29
2021-02-01,Prince Edward Island,103.3549182,43.93597144,18.79728027,36094,Charlottetown,-2,3.6181818181818177,0,-5.4,-3.7,21.7,0,-63.12,46.29
2021-03-01,Prince Edward Island,99.95475484,45.71280578,17.37477797,36094,Charlottetown,1.3,3.6181818181818177,11.4,-6.5,-2.6,20.6,0,-63.12,46.29
2021-04-01,Prince Edward Island,109.0491009,47.74469519,20.40588932,36094,Charlottetown,14.7,3.6181818181818177,9.8,7,10.9,7.1,0,-63.12,46.29
2021-05-01,Prince Edward Island,83.82054476,44.09140475,19.07193219,36094,Charlottetown,8.5,3.4,3.1,2.3,5.4,12.6,0,-63.12,46.29
2021-06-01,Prince Edward Island,77.75183043,31.58277978,20.92440482,36094,Charlottetown,17.9,3.1,0,9.2,13.6,4.4,0,-63.12,46.29
2021-07-01,Prince Edward Island,70.35637889,30.2296113,19.86049423,36094,Charlottetown,20.8,3.1,9.6,12.2,16.5,1.5,0,-63.12,46.29
2021-08-01,Prince Edward Island,69.82170111,40.87546021,21.44268594,36094,Charlottetown,23.2,3.41,0,13.5,18.4,0,0.4,-63.12,46.29
2021-09-01,Prince Edward Island,73.25724894,43.83999091,16.98590141,36094,Charlottetown,23,2.522222222222222,0,12.6,17.8,0.2,0,-63.12,46.29
2021-10-01,Prince Edward Island,78.78228593,39.14756246,20.41288274,36094,Charlottetown,14.2,1.6124999999999998,0.2,6.6,10.4,7.6,0,-63.12,46.29
2021-11-01,Prince Edward Island,88.98334081,34.38694829,23.22430026,36094,Charlottetown,16.2,1.4,0,5.8,11,7,0,-63.12,46.29
2021-12-01,Prince Edward Island,91.77737234,32.97233338,19.91328244,36094,Charlottetown,1.4,1.633333333333333,0,-4.2,-1.4,19.4,0,-63.12,46.29
2013-01-01,Prince Edward Island,0,0,0.489742113,51,East Point,-3.6,0.5,1.6,-11.5,-7.6,25.6,0,-61.99,46.46
2013-02-01,Prince Edward Island,0,0,0.560339155,51,East Point,2.1,2.914285714285714,0,-7.6,-2.8,20.8,0,-61.99,46.46
2013-03-01,Prince Edward Island,0,0,0.584378568,51,East Point,-0.4,3.075,0,-3.3,-1.9,19.9,0,-61.99,46.46
2013-04-01,Prince Edward Island,0,0,0.52968972,51,East Point,3.5,3.755555555555555,0.8,-1.7,0.9,17.1,0,-61.99,46.46
2013-05-01,Prince Edward Island,0,0,0.435956135,51,East Point,8.2,4.04,0,2.3,5.3,12.7,0,-61.99,46.46
2013-06-01,Prince Edward Island,0,0,0.450475402,51,East Point,12.9,3.736363636363636,0.6,8.5,10.7,7.3,0,-61.99,46.46
2013-07-01,Prince Edward Island,0,0,0.359339203,51,East Point,22.5,3.609090909090909,17.4,13.6,18.1,0,0.1,-61.99,46.46
2013-08-01,Prince Edward Island,0,0,0.366689501,51,East Point,24.6,3.663636363636364,4.2,15.8,20.2,0,2.2,-61.99,46.46
2013-09-01,Prince Edward Island,0,0,0.392207745,51,East Point,20.1,3.663636363636364,9.2,15.8,18,0,0,-61.99,46.46
2013-10-01,Prince Edward Island,0,0,0.410797537,51,East Point,16.2,3.590909090909091,6.6,12.5,14.4,3.6,0,-61.99,46.46
2013-11-01,Prince Edward Island,0,0,0.384745285,51,East Point,16.1,4.063636363636364,0.7,9.4,12.8,5.2,0,-61.99,46.46
2013-12-01,Prince Edward Island,0,0,0.498361207,51,East Point,3.7,5.4363636363636365,0.2,-6.7,-1.5,19.5,0,-61.99,46.46
2014-01-01,Prince Edward Island,0,0,0.547211733,51,East Point,-13,3.854545454545456,0.6,-15.9,-14.5,32.5,0,-61.99,46.46
2014-02-01,Prince Edward Island,0,0,0.556244382,51,East Point,-1.7,3.472727272727272,0,-7.1,-4.4,22.4,0,-61.99,46.46
2014-03-01,Prince Edward Island,0,0,0.468200687,51,East Point,-3.7,2.636363636363636,0,-15.2,-9.5,27.5,0,-61.99,46.46
2014-04-01,Prince Edward Island,0,0,0.466870911,51,East Point,-2.1,2.2545454545454544,5.2,-3.2,-2.7,20.7,0,-61.99,46.46
2014-05-01,Prince Edward Island,0,0,0.449350598,51,East Point,9.6,2.209090909090909,15.7,-0.3,4.7,13.3,0,-61.99,46.46
2014-06-01,Prince Edward Island,0,0,0.472579377,51,East Point,9.4,3.0727272727272723,0,4.4,6.9,11.1,0,-61.99,46.46
2014-07-01,Prince Edward Island,0,0,0.42698703,51,East Point,27.3,3.0181818181818176,0,17.2,22.3,0,4.3,-61.99,46.46
2014-08-01,Prince Edward Island,0,0,0.401584813,51,East Point,23.6,3.1,0,15.4,19.5,0,1.5,-61.99,46.46
2014-09-01,Prince Edward Island,0,0,0.424931733,51,East Point,19,3.1,2.4,15.1,17.1,0.9,0,-61.99,46.46
2014-10-01,Prince Edward Island,0,0,0.418970193,51,East Point,12.7,2.627272727272727,0.2,10.6,11.7,6.3,0,-61.99,46.46
2014-11-01,Prince Edward Island,0,0,0.473616953,51,East Point,8.3,1.2818181818181815,9.7,6.1,7.2,10.8,0,-61.99,46.46
2014-12-01,Prince Edward Island,0,0,0.344230938,51,East Point,11.9,1.2818181818181815,0,0.4,6.2,11.8,0,-61.99,46.46
2015-01-01,Prince Edward Island,0,0,0.423057262,51,East Point,-2.7,1.2818181818181815,0.9,-13.5,-8.1,26.1,0,-61.99,46.46
2015-02-01,Prince Edward Island,0,0,0.304980818,51,East Point,-1.9,1.2818181818181815,0,-16.7,-9.3,27.3,0,-61.99,46.46
2015-03-01,Prince Edward Island,0,0,0.358309698,51,East Point,-3.5,1.0636363636363635,0,-10.2,-6.9,24.9,0,-61.99,46.46
2015-04-01,Prince Edward Island,0,0,0.345024004,51,East Point,-1.3,1.0727272727272723,0.9,-8.3,-4.8,22.8,0,-61.99,46.46
2015-05-01,Prince Edward Island,0,0,0.439734306,51,East Point,3.9,2.5181818181818185,0,-1.2,1.4,16.6,0,-61.99,46.46
2015-06-01,Prince Edward Island,0,0,0.495038179,51,East Point,9.3,3.427272727272728,0,6.6,8,10,0,-61.99,46.46
2015-07-01,Prince Edward Island,0,0,0.498455536,51,East Point,23.9,3.3454545454545457,0,12,18,0,0,-61.99,46.46
2015-08-01,Prince Edward Island,0,0,0.509097509,51,East Point,24.2,3.363636363636364,0,16,20.1,0,2.1,-61.99,46.46
2015-09-01,Prince Edward Island,0,0,0.554911718,51,East Point,17.2,3.363636363636364,0.3,13.6,15.4,2.6,0,-61.99,46.46
2015-10-01,Prince Edward Island,0,0,0.503763276,51,East Point,18.7,3.3363636363636364,25.6,9.9,14.3,3.7,0,-61.99,46.46
2015-11-01,Prince Edward Island,0,0,0.5768238,51,East Point,10.8,3.5090909090909097,10,3.2,7,11,0,-61.99,46.46
2015-12-01,Prince Edward Island,0,0,0.537977186,51,East Point,1.4,3.5090909090909097,0,-4.4,-1.5,19.5,0,-61.99,46.46
2016-01-01,Prince Edward Island,0,0,0.401367,51,East Point,0.3,3.527272727272728,0.2,-4.4,-2.1,20.1,0,-61.99,46.46
2016-02-01,Prince Edward Island,0,0,0.440655849,51,East Point,6.5,3.527272727272728,0,0.2,3.4,14.6,0,-61.99,46.46
2016-03-01,Prince Edward Island,0,0,0.479731828,51,East Point,4.8,3.5,0.6,-5.6,-0.4,18.4,0,-61.99,46.46
2016-04-01,Prince Edward Island,0,0,0.406700837,51,East Point,11.6,3.5545454545454542,1.9,3.3,7.5,10.5,0,-61.99,46.46
2016-05-01,Prince Edward Island,0,0,0.506583641,51,East Point,5.8,2.645454545454545,0,-2.3,1.8,16.2,0,-61.99,46.46
2016-06-01,Prince Edward Island,0,0,0.483942207,51,East Point,8.6,2.645454545454545,0.2,1.9,5.3,12.7,0,-61.99,46.46
2016-07-01,Prince Edward Island,0,0,0.531687607,51,East Point,24,3.645454545454545,0,15,19.5,0,1.5,-61.99,46.46
2016-08-01,Prince Edward Island,0,0,0.474086099,51,East Point,22.2,4.290909091,0,13.9,18.1,0,0.1,-61.99,46.46
2016-09-01,Prince Edward Island,0,0,0.526844763,51,East Point,21.1,4.3,26.2,16.2,18.7,0,0.7,-61.99,46.46
2016-10-01,Prince Edward Island,0,0,0.51726474,51,East Point,17.9,4.363636363636363,0,8.1,13,5,0,-61.99,46.46
2016-11-01,Prince Edward Island,0,0,0.403417244,51,East Point,4.7,4.363636363636363,0,1.7,3.2,14.8,0,-61.99,46.46
2016-12-01,Prince Edward Island,0,0,0.448673603,51,East Point,6.2,4.463636363636363,11.2,1.8,4,14,0,-61.99,46.46
2017-01-01,Prince Edward Island,0,0,0.478747647,51,East Point,3.8,4.6909090909090905,7.1,-5.2,-0.7,18.7,0,-61.99,46.46
2017-02-01,Prince Edward Island,0,0,0.435286596,51,East Point,-2.1,4.6909090909090905,0.7,-9.8,-6,24,0,-61.99,46.46
2017-03-01,Prince Edward Island,0,0,0.434837812,51,East Point,6.5,2.4727272727272727,2.6,-3.3,1.6,16.4,0,-61.99,46.46
2017-04-01,Prince Edward Island,0,0,0.424383658,51,East Point,0.7,2.527272727272727,0,-1.1,-0.2,18.2,0,-61.99,46.46
2017-05-01,Prince Edward Island,0,0,0.518496634,51,East Point,7.9,2.527272727272727,1.3,0.8,4.4,13.6,0,-61.99,46.46
2017-06-01,Prince Edward Island,0,0,0.557729315,51,East Point,13.9,1.5090909090909088,2.5,7.4,10.7,7.3,0,-61.99,46.46
2017-07-01,Prince Edward Island,0,0,0.452608581,51,East Point,17.3,1.9909090909090907,0,12.6,15,3,0,-61.99,46.46
2017-08-01,Prince Edward Island,0,0,0.473668127,51,East Point,22.1,1.927272727272728,1.8,14.4,16.3,1.7,0,-61.99,46.46
2017-09-01,Prince Edward Island,0,0,0.523698248,51,East Point,17,2.0454545454545454,0.6,9,13,5,0,-61.99,46.46
2017-10-01,Prince Edward Island,0,0,0.510009622,51,East Point,16.5,2.0454545454545454,0,5.5,11,7,0,-61.99,46.46
2017-11-01,Prince Edward Island,0,0,0.576872087,51,East Point,11.1,2.109090909090909,0,3.7,7.4,10.6,0,-61.99,46.46
2017-12-01,Prince Edward Island,0,0,0.586654942,51,East Point,8,2.1272727272727274,12.4,2,5,13,0,-61.99,46.46
2018-01-01,Prince Edward Island,0,0,0.505437827,51,East Point,-7.2,2.127272727272727,0,-10.9,-9.1,27.1,0,-61.99,46.46
2018-02-01,Prince Edward Island,0,0,0.536449092,51,East Point,3.6,1.963636363636364,3.9,-10.5,-3.5,21.5,0,-61.99,46.46
2018-03-01,Prince Edward Island,0,0,0.464397394,51,East Point,0.7,1.9090909090909087,0,-4.6,-2,20,0,-61.99,46.46
2018-04-01,Prince Edward Island,0,0,0.443923769,51,East Point,5.9,1.9090909090909087,2,-1.2,2.4,15.6,0,-61.99,46.46
2018-05-01,Prince Edward Island,0,0,0.529977983,51,East Point,6.8,1.9090909090909087,2.7,4.4,5.6,12.4,0,-61.99,46.46
2018-06-01,Prince Edward Island,0,0,0.524078318,51,East Point,21.8,0.7818181818181817,0,10.3,16.1,1.9,0,-61.99,46.46
2018-07-01,Prince Edward Island,0,0,0.473684107,51,East Point,18.8,0.8,0,12.4,15.6,2.4,0,-61.99,46.46
2018-08-01,Prince Edward Island,0,0,0.488646205,51,East Point,27.6,0.4636363636363636,0,18.2,22.9,0,4.9,-61.99,46.46
2018-09-01,Prince Edward Island,0,0,0.467966754,51,East Point,21.7,0.4636363636363636,0,16.3,19,0,1,-61.99,46.46
2018-10-01,Prince Edward Island,0,0,0.483034992,51,East Point,14.4,0.2818181818181818,0,9.3,11.8,6.2,0,-61.99,46.46
2018-11-01,Prince Edward Island,0,0,0.589557424,51,East Point,10.5,0.6,0,6,8.3,9.7,0,-61.99,46.46
2018-12-01,Prince Edward Island,0,0,0.429871202,51,East Point,4,0.6000000000000001,0.2,1.3,2.6,15.4,0,-61.99,46.46
2019-01-01,Prince Edward Island,0,0,0.453866019,51,East Point,1.3,0.6690909090909091,0.2,-9.4,-4.1,22.1,0,-61.99,46.46
2019-02-01,Prince Edward Island,0,0,0.462300657,51,East Point,-9.9,0.7672727272727274,0,-16.3,-13.1,31.1,0,-61.99,46.46
2019-03-01,Prince Edward Island,0,0,0.466502201,51,East Point,-2.7,0.8757575757575757,0,-12.1,-7.4,25.4,0,-61.99,46.46
2019-04-01,Prince Edward Island,0,0,0.591742439,51,East Point,3.5,0.991991342,6.2,-1.7,0.9,17.1,0,-61.99,46.46
2019-05-01,Prince Edward Island,0,0,0.611027619,51,East Point,4.2,1.1114718614718615,0,1,2.6,15.4,0,-61.99,46.46
2019-06-01,Prince Edward Island,0,0,0.640516242,51,East Point,5.426666666666667,1.2296536796536797,0.76,-0.113333333,2.646666666666667,15.746666666666666,0.3933333333333333,-61.99,46.46
2019-07-01,Prince Edward Island,0,0,0.569269023,51,East Point,3.793333333333333,1.2114718614718614,1.0799999999999998,-1.433333333,1.1733333333333331,16.893333333333334,0.066666667,-61.99,46.46
2019-08-01,Prince Edward Island,0,0,0.642833177,51,East Point,2.9533333333333336,1.2114718614718614,1.1933333333333331,-2.373333333,0.2800000000000001,17.720000000000002,0,-61.99,46.46
2019-09-01,Prince Edward Island,0,0,0.544180324,51,East Point,2.1357142857142857,1.2114718614718614,1.2785714285714285,-3.207142857,-0.542857143,18.542857142857144,0,-61.99,46.46
2019-10-01,Prince Edward Island,0,0,0.519012241,51,East Point,1.492307692307692,0.9478354978354978,1.3142857142857145,-3.915384615,-1.223076923,19.223076923076924,0,-61.99,46.46
2019-11-01,Prince Edward Island,0,0,0.492577691,51,East Point,5.8,1.384199134199134,1.5,2.6,4.2,13.8,0,-61.99,46.46
2019-12-01,Prince Edward Island,0,0,0.544867671,51,East Point,-0.2,1.4696536796536797,0,-1.4,-0.8,18.8,0,-61.99,46.46
2020-01-01,Prince Edward Island,0,0,0.626459347,51,East Point,3,1.4693739593739594,0,-1.5,0.7,17.3,0,-61.99,46.46
2020-02-01,Prince Edward Island,0,0,0.564731404,51,East Point,-1.4,1.4063436563436562,0,-9.8,-5.6,23.6,0,-61.99,46.46
2020-03-01,Prince Edward Island,0,0,0.571924505,51,East Point,-0.4,1.371928071928072,3.3,-4.2,-2.3,20.3,0,-61.99,46.46
2020-04-01,Prince Edward Island,0,0,0.495285166,51,East Point,3.1,1.2524475524475525,4.8,-1.6,0.8,17.2,0,-61.99,46.46
2020-05-01,Prince Edward Island,0,0,0.552291787,51,East Point,9.1,1.116083916083916,1.7,2.2,5.6,12.4,0,-61.99,46.46
2020-06-01,Prince Edward Island,0,0,0.554032833,51,East Point,5.96,1.116083916083916,1.0769230769230769,0.05,3.01,14.989999999999998,0,-61.99,46.46
2020-07-01,Prince Edward Island,0,0,0.504434179,51,East Point,5.96,1.2342657342657342,0.5,0.05,3.01,14.989999999999998,0,-61.99,46.46
2020-08-01,Prince Edward Island,0,0,0.587569383,51,East Point,5.96,1.6405594405594406,0.9,0.05,3.01,14.989999999999998,0,-61.99,46.46
2020-09-01,Prince Edward Island,0,0,0.480607736,51,East Point,5.96,1.7251748251748251,0,0.05,3.01,14.989999999999998,0,-61.99,46.46
2020-10-01,Prince Edward Island,0,0,0.491713087,51,East Point,15.9,1.643356643356643,0,7.9,11.9,6.1,0,-61.99,46.46
2020-11-01,Prince Edward Island,0,0,0.435623112,51,East Point,12.2,1.8600233100233103,0,-1.3,5.5,12.5,0,-61.99,46.46
2020-12-01,Prince Edward Island,0,0,0.447404841,51,East Point,12.5,2.1333333333333333,1.3,7.6,10.1,7.9,0,-61.99,46.46
2021-01-01,Prince Edward Island,0,0,0.544042725,51,East Point,13.53,2.488705234,4.469230769230769,6.06,9.8,8.360000000000001,0.16,-61.99,46.46
2021-02-01,Prince Edward Island,0,0,0.587415008,51,East Point,15.2,6.461432506887053,4.230769230769231,7,11.11,7.05,0.16,-61.99,46.46
2021-03-01,Prince Edward Island,0,0,0.542961812,51,East Point,15.15,6.4614325068870535,3.9,6.81,10.989999999999998,7.169999999999999,0.16,-61.99,46.46
2021-04-01,Prince Edward Island,0,0,0.637684041,51,East Point,15.82222222222222,6.4614325068870535,4.083333333333334,7.322222222222223,11.588888888888889,6.588888888888888,0.1777777777777777,-61.99,46.46
2021-05-01,Prince Edward Island,0,0,0.595997881,51,East Point,15.82222222222222,6.552341597796144,4.083333333333334,7.322222222222223,11.588888888888889,6.588888888888888,0.1777777777777777,-61.99,46.46
2021-06-01,Prince Edward Island,0,0,0.653887651,51,East Point,15.82222222222222,6.452341597796144,4.409090909,7.322222222222223,11.588888888888889,6.588888888888888,0.1777777777777777,-61.99,46.46
2021-07-01,Prince Edward Island,0,0,0.620640445,51,East Point,18.6,6.091502436956983,44.6,13.7,16.2,1.8,0,-61.99,46.46
2021-08-01,Prince Edward Island,0,0,0.670083936,51,East Point,22.7,6.277575757575758,0,13.4,18,0,0,-61.99,46.46
2021-09-01,Prince Edward Island,0,0,0.530809419,51,East Point,24.1,6.541750841750842,0,15.2,19.6,0,1.6,-61.99,46.46
2021-10-01,Prince Edward Island,0,0,0.637902586,51,East Point,17.5,6.849053030303031,1,7.7,12.6,5.4,0,-61.99,46.46
2021-11-01,Prince Edward Island,0,0,0.725759383,51,East Point,16.3,7.244155844155844,0.2,5.2,10.8,7.2,0,-61.99,46.46
2021-12-01,Prince Edward Island,0,0,0.622290076,51,East Point,2.6,7.716666666666666,0.5,-3.5,-0.4,18.4,0,-61.99,46.46
2013-01-01,Prince Edward Island,1.16854283,0,0,237,St. Peters Bay,-4.6,1.2,0,-12.3,-8.5,26.5,0,-62.58,46.45
2013-02-01,Prince Edward Island,1.168256697,0,0,237,St. Peters Bay,1.6,1.2571428571428571,0.4,-9.3,-3.9,21.9,0,-62.58,46.45
2013-03-01,Prince Edward Island,1.300349547,0,0,237,St. Peters Bay,-0.8,1.1,0,-3.2,-2,20,0,-62.58,46.45
2013-04-01,Prince Edward Island,1.459499039,0,0,237,St. Peters Bay,4.6,1.3555555555555554,0.3,-2.1,1.3,16.7,0,-62.58,46.45
2013-05-01,Prince Edward Island,1.283861046,0,0,237,St. Peters Bay,11,1.98,0.7,1,6,12,0,-62.58,46.45
2013-06-01,Prince Edward Island,1.170224376,0,0,237,St. Peters Bay,20.7,2.890909090909091,5.8,7.2,14,4,0,-62.58,46.45
2013-07-01,Prince Edward Island,1.16087505,0,0,237,St. Peters Bay,24.3,2.909090909090909,1.6,14.2,19.3,0,1.3,-62.58,46.45
2013-08-01,Prince Edward Island,1.182488115,0,0,237,St. Peters Bay,26.3,2.909090909090909,0,15.2,20.8,0,2.8,-62.58,46.45
2013-09-01,Prince Edward Island,1.185161306,0,0,237,St. Peters Bay,20,2.909090909090909,3.4,15.6,17.8,0.2,0,-62.58,46.45
2013-10-01,Prince Edward Island,1.121574498,0,0,237,St. Peters Bay,16.2,2.9000000000000004,7.6,11.1,13.7,4.3,0,-62.58,46.45
2013-11-01,Prince Edward Island,1.180354663,0,0,237,St. Peters Bay,18,3.590909090909091,12,8.9,13.5,4.5,0,-62.58,46.45
2013-12-01,Prince Edward Island,1.092444125,0,0,237,St. Peters Bay,1.2,4.790909090909091,0.2,-8.5,-3.7,21.7,0,-62.58,46.45
2014-01-01,Prince Edward Island,0.911194952,0,0,237,St. Peters Bay,-13.9,4.645454545454546,0.4,-17.9,-15.9,33.9,0,-62.58,46.45
2014-02-01,Prince Edward Island,1.126631882,0,0,237,St. Peters Bay,-1.6,4.645454545454546,0,-5.5,-3.6,21.6,0,-62.58,46.45
2014-03-01,Prince Edward Island,1.020953963,0,0,237,St. Peters Bay,-4.8,4.336363636363637,0.2,-17,-10.9,28.9,0,-62.58,46.45
2014-04-01,Prince Edward Island,1.04445222,0,0,237,St. Peters Bay,-2.1,3.827272727272728,8.3,-3.6,-2.9,20.9,0,-62.58,46.45
2014-05-01,Prince Edward Island,0.998337825,0,0,237,St. Peters Bay,11.9,2.754545454545455,19,-1.1,5.4,12.6,0,-62.58,46.45
2014-06-01,Prince Edward Island,0.90886653,0,0,237,St. Peters Bay,14.7,3.827272727272728,0,4.1,9.4,8.6,0,-62.58,46.45
2014-07-01,Prince Edward Island,0.922519768,0,0,237,St. Peters Bay,29.5,3.790909090909091,0,18,23.8,0,5.8,-62.58,46.45
2014-08-01,Prince Edward Island,0.974250317,0,0,237,St. Peters Bay,26.1,3.790909090909091,0,15,20.6,0,2.6,-62.58,46.45
2014-09-01,Prince Edward Island,0.982181104,0,0,237,St. Peters Bay,18.8,3.809090909090909,2,14.4,16.6,1.4,0,-62.58,46.45
2014-10-01,Prince Edward Island,1.027027407,0,0,237,St. Peters Bay,11.9,3.463636363636364,0.2,9,10.5,7.5,0,-62.58,46.45
2014-11-01,Prince Edward Island,1.006075579,0,0,237,St. Peters Bay,7.3,1.7363636363636366,12,2.9,5.1,12.9,0,-62.58,46.45
2014-12-01,Prince Edward Island,0.944749911,0,0,237,St. Peters Bay,12.5,1.7363636363636366,0,-1.4,5.6,12.4,0,-62.58,46.45
2015-01-01,Prince Edward Island,1.034507492,0,0,237,St. Peters Bay,-3.3,1.7363636363636366,0,-14.3,-8.8,26.8,0,-62.58,46.45
2015-02-01,Prince Edward Island,1.035192854,0,0,237,St. Peters Bay,-3.3,1.7363636363636366,0.4,-18.3,-10.8,28.8,0,-62.58,46.45
2015-03-01,Prince Edward Island,0.862049076,0,0,237,St. Peters Bay,-3.2,1.554545454545455,4.5,-15.5,-9.4,27.4,0,-62.58,46.45
2015-04-01,Prince Edward Island,1.04672391,0,0,237,St. Peters Bay,-1.4,1.5363636363636368,0,-8.1,-4.8,22.8,0,-62.58,46.45
2015-05-01,Prince Edward Island,0.925493949,0,0,237,St. Peters Bay,4.6,1.2181818181818185,0,-2.2,1.2,16.8,0,-62.58,46.45
2015-06-01,Prince Edward Island,0.96041173,0,0,237,St. Peters Bay,10.6,1.2181818181818185,0,4.8,7.7,10.3,0,-62.58,46.45
2015-07-01,Prince Edward Island,0.928425701,0,0,237,St. Peters Bay,25,1.2181818181818185,0,13.2,19.1,0,1.1,-62.58,46.45
2015-08-01,Prince Edward Island,0.955069615,0,0,237,St. Peters Bay,27.6,1.2181818181818185,0,15.7,21.7,0,3.7,-62.58,46.45
2015-09-01,Prince Edward Island,1.028136241,0,0,237,St. Peters Bay,16.1,0.8090909090909094,0,7.6,11.9,6.1,0,-62.58,46.45
2015-10-01,Prince Edward Island,1.012194731,0,0,237,St. Peters Bay,20.8,0.9181818181818184,8.5,9.4,15.1,2.9,0,-62.58,46.45
2015-11-01,Prince Edward Island,0.853420971,0,0,237,St. Peters Bay,10.3,1.1000000000000003,0,2.3,6.3,11.7,0,-62.58,46.45
2015-12-01,Prince Edward Island,0.923733302,0,0,237,St. Peters Bay,1,1.1000000000000003,0,-5.1,-2.1,20.1,0,-62.58,46.45
2016-01-01,Prince Edward Island,1.081405395,0,0,237,St. Peters Bay,-0.3,1.1272727272727276,0.4,-6.4,-3.4,21.4,0,-62.58,46.45
2016-02-01,Prince Edward Island,1.197744019,0,0,237,St. Peters Bay,8.9,1.1272727272727276,0,0.7,4.8,13.2,0,-62.58,46.45
2016-03-01,Prince Edward Island,1.006792357,0,0,237,St. Peters Bay,5.2,1.1272727272727276,1.2,-7.2,-1,19,0,-62.58,46.45
2016-04-01,Prince Edward Island,0.954583576,0,0,237,St. Peters Bay,18.8,2.972727272727273,2,7.7,13.3,4.7,0,-62.58,46.45
2016-05-01,Prince Edward Island,1.160822541,0,0,237,St. Peters Bay,9.3,2.972727272727273,0,-2.5,3.4,14.6,0,-62.58,46.45
2016-06-01,Prince Edward Island,1.050629401,0,0,237,St. Peters Bay,9.2,2.990909090909092,0.3,0.9,5.1,12.9,0,-62.58,46.45
2016-07-01,Prince Edward Island,0.995539175,0,0,237,St. Peters Bay,27.7,4.863636363636364,0,14.9,21.3,0,3.3,-62.58,46.45
2016-08-01,Prince Edward Island,1.011392993,0,0,237,St. Peters Bay,22.8,5.954545454545454,0,10.8,16.8,1.2,0,-62.58,46.45
2016-09-01,Prince Edward Island,1.036938924,0,0,237,St. Peters Bay,21.1,5.845454545454547,28.8,16.5,18.8,0,0.8,-62.58,46.45
2016-10-01,Prince Edward Island,1.095506349,0,0,237,St. Peters Bay,18,5.954545454545454,0,6.7,12.4,5.6,0,-62.58,46.45
2016-11-01,Prince Edward Island,1.164095772,0,0,237,St. Peters Bay,8.5,5.954545454545454,0.2,6.5,7.4,10.6,0,-62.58,46.45
2016-12-01,Prince Edward Island,1.101332198,0,0,237,St. Peters Bay,4.6,6.081818181818182,21,0,2.3,15.7,0,-62.58,46.45
2017-01-01,Prince Edward Island,1.30831906,0,0,237,St. Peters Bay,2.5,6.181818181818183,12,-7.9,-2.7,20.7,0,-62.58,46.45
2017-02-01,Prince Edward Island,1.133982796,0,0,237,St. Peters Bay,-2.1,6.181818181818183,0,-13.4,-7.8,25.8,0,-62.58,46.45
2017-03-01,Prince Edward Island,1.30012543,0,0,237,St. Peters Bay,8.8,3.754545454545456,3.2,-4.2,1.7,16.3,0,-62.58,46.45
2017-04-01,Prince Edward Island,1.053386826,0,0,237,St. Peters Bay,1.1,4.163636363636365,0,-2.8,-0.9,18.9,0,-62.58,46.45
2017-05-01,Prince Edward Island,1.246109276,0,0,237,St. Peters Bay,11.1,4.145454545454546,1.7,-0.5,5.3,12.7,0,-62.58,46.45
2017-06-01,Prince Edward Island,1.240327138,0,0,237,St. Peters Bay,18.2,2.236363636363637,1.1,9.1,13.7,4.3,0,-62.58,46.45
2017-07-01,Prince Edward Island,1.222301498,0,0,237,St. Peters Bay,19.3,2.0454545454545463,0,14.6,17,1,0,-62.58,46.45
2017-08-01,Prince Edward Island,1.316343145,0,0,237,St. Peters Bay,22.3,2.0454545454545463,2.1,10.7,16.5,1.5,0,-62.58,46.45
2017-09-01,Prince Edward Island,1.386460245,0,0,237,St. Peters Bay,17.1,2.127272727272728,4.5,9.2,13.2,4.8,0,-62.58,46.45
2017-10-01,Prince Edward Island,1.398598956,0,0,237,St. Peters Bay,16.8,2.127272727272728,0,3.5,10.2,7.8,0,-62.58,46.45
2017-11-01,Prince Edward Island,1.513206185,0,0,237,St. Peters Bay,10.9,2.200000000000001,0,0.4,5.7,12.3,0,-62.58,46.45
2017-12-01,Prince Edward Island,1.550438541,0,0,237,St. Peters Bay,5.8,2.1818181818181825,9.9,-1.4,2.2,15.8,0,-62.58,46.45
2018-01-01,Prince Edward Island,1.466763542,0,0,237,St. Peters Bay,-10.6,2.2181818181818187,0,-12.7,-11.7,29.7,0,-62.58,46.45
2018-02-01,Prince Edward Island,1.410137515,0,0,237,St. Peters Bay,3.6,2.027272727272728,4.1,-10.4,-3.4,21.4,0,-62.58,46.45
2018-03-01,Prince Edward Island,1.379099701,0,0,237,St. Peters Bay,2.9,1.6181818181818186,0,-8.1,-2.6,20.6,0,-62.58,46.45
2018-04-01,Prince Edward Island,1.382977211,0,0,237,St. Peters Bay,7.9,1.6181818181818186,2.5,-2.4,2.8,15.2,0,-62.58,46.45
2018-05-01,Prince Edward Island,1.397421205,0,0,237,St. Peters Bay,8.8,1.6181818181818186,0.9,3.2,6,12,0,-62.58,46.45
2018-06-01,Prince Edward Island,1.306428589,0,0,237,St. Peters Bay,29.2,0.7181818181818188,0.4,10.4,19.8,0,1.8,-62.58,46.45
2018-07-01,Prince Edward Island,1.239199354,0,0,237,St. Peters Bay,19.9,0.9272727272727278,0,11.6,15.8,2.2,0,-62.58,46.45
2018-08-01,Prince Edward Island,1.292635112,0,0,237,St. Peters Bay,31.3,0.5545454545454551,0,17.1,24.2,0,6.2,-62.58,46.45
2018-09-01,Prince Edward Island,1.289084061,0,0,237,St. Peters Bay,21.7,0.5545454545454551,0,11.2,16.4,1.6,0,-62.58,46.45
2018-10-01,Prince Edward Island,1.236642941,0,0,237,St. Peters Bay,13.9,0.3272727272727279,0,2.7,8.3,9.7,0,-62.58,46.45
2018-11-01,Prince Edward Island,1.355405938,0,0,237,St. Peters Bay,8.5,1.0272727272727278,0,3.3,5.9,12.1,0,-62.58,46.45
2018-12-01,Prince Edward Island,1.283353587,0,0,237,St. Peters Bay,0.6,0.9909090909090914,2.3,-3.6,-1.5,19.5,0,-62.58,46.45
2019-01-01,Prince Edward Island,1.381616985,0,0,237,St. Peters Bay,-1.7,0.9909090909090914,0,-12.3,-7,25,0,-62.58,46.45
2019-02-01,Prince Edward Island,1.462056345,0,0,237,St. Peters Bay,-11,1.345454545454546,0,-16.6,-13.8,31.8,0,-62.58,46.45
2019-03-01,Prince Edward Island,1.623884113,0,0,237,St. Peters Bay,-2.2,1.3636363636363642,0,-10.6,-6.4,24.4,0,-62.58,46.45
2019-04-01,Prince Edward Island,1.577428119,0,0,237,St. Peters Bay,8.2,1.3636363636363642,8.6,-2.1,3.1,14.9,0,-62.58,46.45
2019-05-01,Prince Edward Island,1.404622311,0,0,237,St. Peters Bay,5.5,1.863636363636364,0,-1.8,1.9,16.1,0,-62.58,46.45
2019-06-01,Prince Edward Island,1.442163411,0,0,237,St. Peters Bay,17.6,1.6545454545454548,0,4.7,11.2,6.8,0,-62.58,46.45
2019-07-01,Prince Edward Island,1.339277986,0,0,237,St. Peters Bay,14.7,1.6545454545454548,3.9,11.4,13,5,0,-62.58,46.45
2019-08-01,Prince Edward Island,1.450691056,0,0,237,St. Peters Bay,23.8,1.6545454545454548,0.2,14.3,19,0,1,-62.58,46.45
2019-09-01,Prince Edward Island,1.406952041,0,0,237,St. Peters Bay,18.4,1.7363636363636368,0,10,14.2,3.8,0,-62.58,46.45
2019-10-01,Prince Edward Island,1.560440879,0,0,237,St. Peters Bay,11.1,1.954545454545456,5.5,7.4,9.2,8.8,0,-62.58,46.45
2019-11-01,Prince Edward Island,1.500741225,0,0,237,St. Peters Bay,21.3,2.309090909090909,0,5.9,13.6,4.4,0,-62.58,46.45
2019-12-01,Prince Edward Island,1.682142372,0,0,237,St. Peters Bay,-1.2,2.436363636363637,0,-4.8,-3,21,0,-62.58,46.45
2020-01-01,Prince Edward Island,1.824327039,0,0,237,St. Peters Bay,2.8,2.100000000000001,0,-2.1,0.3,17.7,0,-62.58,46.45
2020-02-01,Prince Edward Island,1.672002389,0,0,237,St. Peters Bay,-1.2,2.145454545454546,0.9,-12.7,-7,25,0,-62.58,46.45
2020-03-01,Prince Edward Island,1.593786971,0,0,237,St. Peters Bay,-0.1,2.145454545454546,11,-3.9,-2,20,0,-62.58,46.45
2020-04-01,Prince Edward Island,1.574989056,0,0,237,St. Peters Bay,5.1,1.6454545454545462,3.9,-0.9,2.1,15.9,0,-62.58,46.45
2020-05-01,Prince Edward Island,1.729980176,0,0,237,St. Peters Bay,16,1.6454545454545462,1.4,1.9,8.9,9.1,0,-62.58,46.45
2020-06-01,Prince Edward Island,1.749984909,0,0,237,St. Peters Bay,10.6,1.7727272727272734,0.2,7.6,9.1,8.9,0,-62.58,46.45
2020-07-01,Prince Edward Island,1.596890091,0,0,237,St. Peters Bay,23.1,2.363636363636364,0.7,17.4,20.2,0,2.2,-62.58,46.45
2020-08-01,Prince Edward Island,1.597443394,0,0,237,St. Peters Bay,21.3,2.281818181818182,0,16.6,18.9,0,0.9,-62.58,46.45
2020-09-01,Prince Edward Island,1.522026627,0,0,237,St. Peters Bay,19.7,1.2818181818181824,0,5.9,12.8,5.2,0,-62.58,46.45
2020-10-01,Prince Edward Island,1.52811791,0,0,237,St. Peters Bay,22,1.1062500000000006,0,12.6,17.3,0.7,0,-62.58,46.45
2020-11-01,Prince Edward Island,1.586350703,0,0,237,St. Peters Bay,12.2,1.161401515151516,1.4,-2.9,4.7,13.3,0,-62.58,46.45
2020-12-01,Prince Edward Island,1.556108415,0,0,237,St. Peters Bay,13.7,1.3373755411255417,6.5,7.4,10.5,7.5,0,-62.58,46.45
2021-01-01,Prince Edward Island,2.185989356,0,0,237,St. Peters Bay,-2,1.4779349816849825,0,-5.2,-3.6,21.6,0,-62.58,46.45
2021-02-01,Prince Edward Island,2.098577018,0,0,237,St. Peters Bay,-2,3.414298618048619,0,-4.8,-3.4,21.4,0,-62.58,46.45
2021-03-01,Prince Edward Island,2.029538169,0,0,237,St. Peters Bay,2.4,3.414298618048619,1.96875,-8.1,-2.9,20.9,0,-62.58,46.45
2021-04-01,Prince Edward Island,2.214194942,0,0,237,St. Peters Bay,15.9,3.414298618048619,2.006666666666667,7.9,11.9,6.1,0,-62.58,46.45
2021-05-01,Prince Edward Island,1.701939995,0,0,237,St. Peters Bay,6.4,3.287025890775892,2.135714285714286,2.3,4.4,13.6,0,-62.58,46.45
2021-06-01,Prince Edward Island,1.578717369,0,0,237,St. Peters Bay,16.9,2.6961167998668008,2.246153846153846,8,12.5,5.5,0,-62.58,46.45
2021-07-01,Prince Edward Island,1.428555917,0,0,237,St. Peters Bay,20,2.6961167998668008,21.3,12.5,16.3,1.7,0,-62.58,46.45
2021-08-01,Prince Edward Island,1.417699515,0,0,237,St. Peters Bay,23.4,2.965728479853481,0,13.1,18.3,0,0.3,-62.58,46.45
2021-09-01,Prince Edward Island,1.487456831,0,0,237,St. Peters Bay,21.9,3.0765038665038675,0,14.4,18.1,0,0.1,-62.58,46.45
2021-10-01,Prince Edward Island,1.599640323,0,0,237,St. Peters Bay,16.5,3.210233516483518,0,6.1,11.3,6.7,0,-62.58,46.45
2021-11-01,Prince Edward Island,1.806768341,0,0,237,St. Peters Bay,16.4,3.363736263736265,0,6.5,11.4,6.6,0,-62.58,46.45
2021-12-01,Prince Edward Island,1.863499946,0,0,237,St. Peters Bay,1,3.550000000000002,0,-4,-1.5,19.5,0,-62.58,46.45
2013-01-01,Prince Edward Island,21.61804236,10.21237886,12.97816598,14829,Summerside,-4.5,0.4000000000000001,0,-13.4,-9,27,0,-63.84,46.44
2013-02-01,Prince Edward Island,21.61274889,9.199262583,14.84898762,14829,Summerside,0.7,0.7571428571428571,0.2,-11.3,-5.3,23.3,0,-63.84,46.44
2013-03-01,Prince Edward Island,24.05646662,8.907034957,15.48603205,14829,Summerside,-0.4,0.6625,0,-3.8,-2.1,20.1,0,-63.84,46.44
2013-04-01,Prince Edward Island,27.00073222,8.436025461,14.03677759,14829,Summerside,6.2,0.7666666666666667,1.1,0,3.1,14.9,0,-63.84,46.44
2013-05-01,Prince Edward Island,23.75142935,9.001244745,11.55283759,14829,Summerside,9.7,0.6900000000000001,0,0.5,5.1,12.9,0,-63.84,46.44
2013-06-01,Prince Edward Island,21.64915096,10.27445397,11.93759815,14829,Summerside,18.2,1.0363636363636364,1.1,8.7,13.5,4.5,0,-63.84,46.44
2013-07-01,Prince Edward Island,21.47618843,10.18975321,9.522488885,14829,Summerside,25.1,1.2000000000000002,2.9,16.6,20.9,0,2.9,-63.84,46.44
2013-08-01,Prince Edward Island,21.87603012,11.02386795,9.717271778,14829,Summerside,26.9,1.2000000000000002,0,15.8,21.4,0,3.4,-63.84,46.44
2013-09-01,Prince Edward Island,21.92548416,10.88779836,10.39350524,14829,Summerside,21.7,1.2000000000000002,1.6,16.6,19.2,0,1.2,-63.84,46.44
2013-10-01,Prince Edward Island,20.74912822,10.52491163,10.88613472,14829,Summerside,19.9,1.1,0,11.3,15.6,2.4,0,-63.84,46.44
2013-11-01,Prince Edward Island,21.83656126,12.34350845,10.19575006,14829,Summerside,18.3,1.3454545454545457,4.5,10.3,14.3,3.7,0,-63.84,46.44
2013-12-01,Prince Edward Island,20.21021632,10.38753423,13.206572,14829,Summerside,1.2,2.5545454545454547,1.8,-6.9,-2.9,20.9,0,-63.84,46.44
2014-01-01,Prince Edward Island,16.85710661,9.491469075,14.50111092,14829,Summerside,-14.9,2.290909090909091,0.2,-25.3,-20.1,38.1,0,-63.84,46.44
2014-02-01,Prince Edward Island,20.84268981,9.749204597,14.74047613,14829,Summerside,-0.6,2.290909090909091,0,-7.8,-4.2,22.2,0,-63.84,46.44
2014-03-01,Prince Edward Island,18.88764831,9.351419016,12.40731821,14829,Summerside,-3.3,2.145454545454545,0,-17.9,-10.6,28.6,0,-63.84,46.44
2014-04-01,Prince Edward Island,19.32236607,11.47742805,12.37207913,14829,Summerside,-2.4,2.290909090909091,2.7,-3.7,-3.1,21.1,0,-63.84,46.44
2014-05-01,Prince Edward Island,18.46924976,11.04717843,11.90779085,14829,Summerside,9.7,1.8818181818181816,14.4,-0.1,4.8,13.2,0,-63.84,46.44
2014-06-01,Prince Edward Island,16.81403081,11.29655016,12.5233535,14829,Summerside,19.5,2.7181818181818183,0,4.7,12.1,5.9,0,-63.84,46.44
2014-07-01,Prince Edward Island,17.0666157,10.79626042,11.3151563,14829,Summerside,27.5,2.7,0,16.8,22.2,0,4.2,-63.84,46.44
2014-08-01,Prince Edward Island,18.02363086,11.1043491,10.64199755,14829,Summerside,26.8,2.7,0,14.9,20.9,0,2.9,-63.84,46.44
2014-09-01,Prince Edward Island,18.17035043,9.420629725,11.26069093,14829,Summerside,19.9,2.7,1.6,16.9,18.4,0,0.4,-63.84,46.44
2014-10-01,Prince Edward Island,19.00000702,11.63664022,11.10271013,14829,Summerside,12.9,2.4545454545454546,0,9.4,11.2,6.8,0,-63.84,46.44
2014-11-01,Prince Edward Island,18.61239821,11.34451452,12.55084925,14829,Summerside,7.3,1.1636363636363634,11,5,6.2,11.8,0,-63.84,46.44
2014-12-01,Prince Edward Island,17.47787335,11.81363152,9.122119864,14829,Summerside,11.2,1.1636363636363634,0,-2.2,4.5,13.5,0,-63.84,46.44
2015-01-01,Prince Edward Island,19.13838861,12.14014237,11.21101744,14829,Summerside,-3,1.1636363636363634,0,-11.1,-7.1,25.1,0,-63.84,46.44
2015-02-01,Prince Edward Island,19.1510678,13.16996505,8.081991672,14829,Summerside,-6.8,1.1636363636363634,0,-20.1,-13.5,31.5,0,-63.84,46.44
2015-03-01,Prince Edward Island,15.94790791,13.45027379,9.495206991,14829,Summerside,-3.7,1.018181818181818,0,-18.3,-11,29,0,-63.84,46.44
2015-04-01,Prince Edward Island,19.36439233,13.84391644,9.143136118,14829,Summerside,0.6,1.0363636363636362,0.2,-6.9,-3.2,21.2,0,-63.84,46.44
2015-05-01,Prince Edward Island,17.12163806,11.09086285,11.65295911,14829,Summerside,3.8,0.4727272727272726,0,0.3,2.1,15.9,0,-63.84,46.44
2015-06-01,Prince Edward Island,17.76761701,10.69309157,13.11851176,14829,Summerside,12.8,1.2818181818181815,0,6.5,9.7,8.3,0,-63.84,46.44
2015-07-01,Prince Edward Island,17.17587546,9.310871308,13.2090717,14829,Summerside,24.6,1.2818181818181815,0,12.7,18.7,0,0.7,-63.84,46.44
2015-08-01,Prince Edward Island,17.66878787,9.303508828,13.49108399,14829,Summerside,27.3,1.2818181818181815,0,16.2,21.8,0,3.8,-63.84,46.44
2015-09-01,Prince Edward Island,19.02052046,9.714053487,14.70516053,14829,Summerside,16.7,1.2818181818181815,0.2,9.5,13.1,4.9,0,-63.84,46.44
2015-10-01,Prince Edward Island,18.72560251,10.14584363,13.34972681,14829,Summerside,17.6,1.2818181818181815,4.8,9.8,13.7,4.3,0,-63.84,46.44
2015-11-01,Prince Edward Island,15.78828796,9.769754658,15.28583071,14829,Summerside,10.1,1.6636363636363638,8.9,2.1,6.1,11.9,0,-63.84,46.44
2015-12-01,Prince Edward Island,17.08906608,11.78758202,14.25639542,14829,Summerside,1.3,1.6636363636363638,0,-5.1,-1.9,19.9,0,-63.84,46.44
2016-01-01,Prince Edward Island,20.00599981,13.68768793,10.6362255,14829,Summerside,-0.1,1.6909090909090911,0,-5.9,-3,21,0,-63.84,46.44
2016-02-01,Prince Edward Island,22.15826435,13.54629187,11.67738001,14829,Summerside,6.9,1.6909090909090911,0,0.2,3.6,14.4,0,-63.84,46.44
2016-03-01,Prince Edward Island,18.6256586,12.46338944,12.71289344,14829,Summerside,3.1,1.6727272727272728,0.2,-7.3,-2.1,20.1,0,-63.84,46.44
2016-04-01,Prince Edward Island,17.65979615,11.65847413,10.77757217,14829,Summerside,13.8,1.945454545454545,4.2,7.2,10.5,7.5,0,-63.84,46.44
2016-05-01,Prince Edward Island,21.47521701,10.07949743,13.42446649,14829,Summerside,12.4,1.1363636363636362,0,-1.7,5.4,12.6,0,-63.84,46.44
2016-06-01,Prince Edward Island,19.43664393,11.14921778,12.82446848,14829,Summerside,10.9,1.1545454545454543,0.3,3.3,7.1,10.9,0,-63.84,46.44
2016-07-01,Prince Edward Island,18.41747474,11.14347406,14.08972158,14829,Summerside,27.3,2.536363636363636,0,14.3,20.8,0,2.8,-63.84,46.44
2016-08-01,Prince Edward Island,18.71077038,11.1849033,12.56328162,14829,Summerside,25.7,2.8818181818181814,0,10.9,18.3,0,0.3,-63.84,46.44
2016-09-01,Prince Edward Island,19.1833701,10.80108712,13.96138622,14829,Summerside,21.9,2.8818181818181814,7.8,16,19,0,1,-63.84,46.44
2016-10-01,Prince Edward Island,20.26686746,10.80297162,13.7075156,14829,Summerside,18.4,2.5727272727272723,0,7.1,12.8,5.2,0,-63.84,46.44
2016-11-01,Prince Edward Island,21.53577179,10.72535777,10.69055697,14829,Summerside,7.2,2.5727272727272723,0.2,3.5,5.4,12.6,0,-63.84,46.44
2016-12-01,Prince Edward Island,20.37464566,13.20991099,11.88985049,14829,Summerside,3.8,2.972727272727272,15.2,0.2,2,16,0,-63.84,46.44
2017-01-01,Prince Edward Island,24.20390261,12.38854726,12.68681264,14829,Summerside,2.5,3.2545454545454544,3.8,-6.6,-2.1,20.1,0,-63.84,46.44
2017-02-01,Prince Edward Island,20.97868173,12.15829211,11.53509479,14829,Summerside,-2.9,3.2545454545454544,0.2,-14.6,-8.8,26.8,0,-63.84,46.44
2017-03-01,Prince Edward Island,24.05232045,14.42303444,11.52320201,14829,Summerside,7.6,2.545454545454545,0.8,-1.3,3.2,14.8,0,-63.84,46.44
2017-04-01,Prince Edward Island,19.48765628,15.24969802,11.24616694,14829,Summerside,1,2.545454545454545,0,-8.3,-3.7,21.7,0,-63.84,46.44
2017-05-01,Prince Edward Island,23.05302161,12.73896052,13.7401608,14829,Summerside,9.1,2.527272727272727,4.7,2.7,5.9,12.1,0,-63.84,46.44
2017-06-01,Prince Edward Island,22.94605206,13.20787105,14.77982686,14829,Summerside,19.9,1.1636363636363636,3.1,10,15,3,0,-63.84,46.44
2017-07-01,Prince Edward Island,22.61257772,13.53104785,11.99412739,14829,Summerside,20.1,1.1909090909090907,0,14,17.1,0.9,0,-63.84,46.44
2017-08-01,Prince Edward Island,24.35234819,11.41586087,12.55220537,14829,Summerside,25.4,1.1727272727272726,0,12.3,18.9,0,0.9,-63.84,46.44
2017-09-01,Prince Edward Island,25.64951454,11.04697042,13.87800358,14829,Summerside,17.8,1.2545454545454542,0,8.1,13,5,0,-63.84,46.44
2017-10-01,Prince Edward Island,25.87408069,10.53558234,13.51525497,14829,Summerside,16.7,1.4818181818181817,0,5.7,11.2,6.8,0,-63.84,46.44
2017-11-01,Prince Edward Island,27.99431442,11.40733887,15.28711029,14829,Summerside,9.7,1.1363636363636362,0.2,-0.7,4.5,13.5,0,-63.84,46.44
2017-12-01,Prince Edward Island,28.68311301,11.03301156,15.54635597,14829,Summerside,6.3,0.8545454545454544,4.1,0.8,3.6,14.4,0,-63.84,46.44
2018-01-01,Prince Edward Island,27.13512552,11.01092491,13.39410242,14829,Summerside,-12.5,1.1272727272727272,0,-17.2,-14.9,32.9,0,-63.84,46.44
2018-02-01,Prince Edward Island,26.08754402,9.599188492,14.21590093,14829,Summerside,2.4,1.1272727272727272,1.7,-9,-3.3,21.3,0,-63.84,46.44
2018-03-01,Prince Edward Island,25.51334446,9.365296719,12.30653094,14829,Summerside,0.4,1.1272727272727272,2.5,-5.7,-2.7,20.7,0,-63.84,46.44
2018-04-01,Prince Edward Island,25.58507841,11.56983755,11.76397987,14829,Summerside,5.1,1.1272727272727272,0.9,-1,2.1,15.9,0,-63.84,46.44
2018-05-01,Prince Edward Island,25.85229229,12.73962937,14.04441655,14829,Summerside,10,1.2090909090909088,0,4.2,7.1,10.9,0,-63.84,46.44
2018-06-01,Prince Edward Island,24.1689289,12.92911611,13.88807543,14829,Summerside,26.3,0.8727272727272727,3,11.5,18.9,0,0.9,-63.84,46.44
2018-07-01,Prince Edward Island,22.92518805,11.94201158,12.55262885,14829,Summerside,19.9,0.8727272727272726,0,11.6,15.8,2.2,0,-63.84,46.44
2018-08-01,Prince Edward Island,23.91374958,12.49307216,12.94912445,14829,Summerside,30.4,1.3727272727272726,0,18.1,24.3,0,6.3,-63.84,46.44
2018-09-01,Prince Edward Island,23.84805512,14.0877501,12.40111897,14829,Summerside,22,1.1454545454545453,0,8,15,3,0,-63.84,46.44
2018-10-01,Prince Edward Island,22.87789441,11.30693477,12.80042728,14829,Summerside,13.8,1.0636363636363635,1.1,4.8,9.3,8.7,0,-63.84,46.44
2018-11-01,Prince Edward Island,25.07500985,14.34239907,15.62327175,14829,Summerside,9,2.090909090909091,0.4,4.9,6.9,11.1,0,-63.84,46.44
2018-12-01,Prince Edward Island,23.74204137,13.78089114,11.39158686,14829,Summerside,0.4,1.818181818181818,0,-1.5,-0.5,18.5,0,-63.84,46.44
2019-01-01,Prince Edward Island,25.55991422,13.52322089,12.0274495,14829,Summerside,-1.2,1.818181818181818,7.2,-9.4,-5.3,23.3,0,-63.84,46.44
2019-02-01,Prince Edward Island,27.04804239,13.9007628,12.25096742,14829,Summerside,-11.6,2.2454545454545456,0,-17.1,-14.3,32.3,0,-63.84,46.44
2019-03-01,Prince Edward Island,30.04185609,13.96164363,12.36230833,14829,Summerside,-1.6,2.2454545454545456,0,-12.3,-6.9,24.9,0,-63.84,46.44
2019-04-01,Prince Edward Island,29.18242021,14.55909719,15.68117464,14829,Summerside,8.5,2.145454545454545,11.3,-2.2,3.1,14.9,0,-63.84,46.44
2019-05-01,Prince Edward Island,25.98551274,10.74810512,16.19223191,14829,Summerside,10.5,2.663636363636364,0,0.4,5.4,12.6,0,-63.84,46.44
2019-06-01,Prince Edward Island,26.68002309,11.98800946,16.97368042,14829,Summerside,20.2,2.709090909090909,0,2.7,11.5,6.5,0,-63.84,46.44
2019-07-01,Prince Edward Island,24.77664273,12.56311621,15.08562911,14829,Summerside,14.1,2.0545454545454547,4.7,12.2,13.2,4.8,0,-63.84,46.44
2019-08-01,Prince Edward Island,26.83778453,13.27101798,17.0350792,14829,Summerside,26.7,2.0727272727272728,0,13.9,20.3,0,2.3,-63.84,46.44
2019-09-01,Prince Edward Island,26.02861275,12.98576057,14.4207786,14829,Summerside,19.8,2.0727272727272728,0,9.9,14.9,3.1,0,-63.84,46.44
2019-10-01,Prince Edward Island,28.86815627,11.89834417,13.75382438,14829,Summerside,11.9,1.8090909090909089,6.1,7,9.4,8.6,0,-63.84,46.44
2019-11-01,Prince Edward Island,27.76371267,12.42867452,13.05330881,14829,Summerside,19.1,2,0.5,5.1,12.1,5.9,0,-63.84,46.44
2019-12-01,Prince Edward Island,31.11963388,13.09576668,14.43899328,14829,Summerside,-1.8,2.5818181818181816,0,-10.9,-6.4,24.4,0,-63.84,46.44
2020-01-01,Prince Edward Island,33.75005021,13.47623477,16.60117271,14829,Summerside,3,2.1545454545454548,0.2,-2.4,0.3,17.7,0,-63.84,46.44
2020-02-01,Prince Edward Island,30.9320442,13.89430302,14.96538222,14829,Summerside,-2.7,2.1545454545454548,0,-13.5,-8.1,26.1,0,-63.84,46.44
2020-03-01,Prince Edward Island,29.48505896,13.40287148,15.15599938,14829,Summerside,-1.4,2.2454545454545456,8.4,-4.7,-3,21,0,-63.84,46.44
2020-04-01,Prince Edward Island,29.13729754,11.28709309,13.12505691,14829,Summerside,1.6,1.6909090909090911,2.1,-0.8,0.4,17.6,0,-63.84,46.44
2020-05-01,Prince Edward Island,32.00463325,10.48622044,14.63573236,14829,Summerside,16.2,1.6454545454545455,6.4,3.5,9.8,8.2,0,-63.84,46.44
2020-06-01,Prince Edward Island,32.37472081,11.51450137,14.68187007,14829,Summerside,13.7,2.0090909090909093,0,4.8,9.3,8.7,0,-63.84,46.44
2020-07-01,Prince Edward Island,29.54246669,11.34294379,13.36750573,14829,Summerside,24.5,2.118181818181818,0,16.8,20.7,0,2.7,-63.84,46.44
2020-08-01,Prince Edward Island,29.55270279,11.93789064,15.57058866,14829,Summerside,23.1,2.118181818181818,1,13.9,18.5,0,0.5,-63.84,46.44
2020-09-01,Prince Edward Island,28.15749261,13.53266491,12.736105,14829,Summerside,21.8,1.3545454545454545,0,7,14.4,3.6,0,-63.84,46.44
2020-10-01,Prince Edward Island,28.27018133,12.88616085,13.0303968,14829,Summerside,20.4,2.0181818181818185,0,13.4,16.9,1.1,0,-63.84,46.44
2020-11-01,Prince Edward Island,29.34748801,11.99168406,11.54401248,14829,Summerside,11.7,1.8636363636363635,4,-2.6,4.5,13.5,0,-63.84,46.44
2020-12-01,Prince Edward Island,28.78800567,12.78037106,11.85622829,14829,Summerside,14.9,2.190909090909091,1.4,8.8,11.9,6.1,0,-63.84,46.44
2021-01-01,Prince Edward Island,40.44080309,12.61576124,14.41713222,14829,Summerside,-1.6,2.3278409090909093,0,-8.1,-4.9,22.9,0,-63.84,46.44
2021-02-01,Prince Edward Island,38.82367484,13.75772843,15.56649772,14829,Summerside,-2,2.2369318181818185,0,-4.3,-3.2,21.2,0,-63.84,46.44
2021-03-01,Prince Edward Island,37.54645613,14.3141109,14.38848801,14829,Summerside,1.1,2.2369318181818185,9.4,-7.8,-3.4,21.4,0,-63.84,46.44
2021-04-01,Prince Edward Island,40.96260643,14.9503591,16.89862709,14829,Summerside,14.3,2.2369318181818185,4.7,5.5,9.9,8.1,0,-63.84,46.44
2021-05-01,Prince Edward Island,31.48588991,13.80639947,15.79394384,14829,Summerside,11.8,1.8732954545454548,3.6,2.5,7.2,10.8,0,-63.84,46.44
2021-06-01,Prince Edward Island,29.20627133,9.889557306,17.32802274,14829,Summerside,18.6,1.7460227272727276,1.50625,8.8,13.7,4.3,0,-63.84,46.44
2021-07-01,Prince Edward Island,26.42828446,9.465837881,16.44697178,14829,Summerside,19.8,1.7460227272727276,0,12.7,16.2,1.8,0,-63.84,46.44
2021-08-01,Prince Edward Island,26.22744102,12.79938653,17.75722429,14829,Summerside,24,1.9206250000000005,0,13.8,18.9,0,0.9,-63.84,46.44
2021-09-01,Prince Edward Island,27.51795138,13.72767392,14.0664496,14829,Summerside,23.5,1.0895833333333336,0,15.2,19.4,0,1.4,-63.84,46.44
2021-10-01,Prince Edward Island,29.59334598,12.25832764,16.90441852,14829,Summerside,14.7,0.6382812500000002,0,10,12.4,5.6,0,-63.84,46.44
2021-11-01,Prince Edward Island,33.42521432,10.76763027,19.23262365,14829,Summerside,16,0.2151785714285717,0,6.6,11.3,6.7,0,-63.84,46.44
2021-12-01,Prince Edward Island,34.474749,10.32467005,16.49068702,14829,Summerside,1.5,0,0,-4.1,-1.3,19.3,0,-63.84,46.44
